from,to
\xe32c9393660ba8978bb928839c67b53877cbd6e5,\x48ebe62fef22abd31655ae1fac98b8ad09a4af2d
\xa59af76d6d499f1bbf02898ccee8303abfd8dfcb,\x4ce9bfc9183c74992a023f6c2da554554b6eb6bb
\xbecb1075a71beb3448f271feb2cc2fc37356e1be,\x506ac1d1bd4e32f4ed85d1df33d267e06533dc67
\x9baf959d50c936f9238d0533bdbca7d4b3d5ae27,\x4c6b057eac23e75d5b25d0871e7ac67f26c1ac9c
\x12195f54b64661a7b273c2880bf6274c09c37852,\x4c6b057eac23e75d5b25d0871e7ac67f26c1ac9c
\x82645bc15fee680963bfe321500d74a053c682ea,\x4864e9ba3ab4270e338d1d52a49c383294c34134
\xe219374fada5d3b5e44733419e0e0cfa92d2f26f,\x50ae0813b2cbf592b11554699186d2a6f5f4afad
\xcde32e8fc6c1cd52ca41f262ea1108f767420d93,\x48a7a4dcc3a83fc55554dd3a1b60120e0f23566a
\x693604b6a105fba8082be406bad8fe27073a3af2,\x485f4e1b8bc199a8ecbc4c80fd8d5d8894620ce5
\x30299c7b06a4e61ef4aed51a146dd498494336f2,\x49f06f95c5d105ae6cda00444bbd3dda06e61cc8
\x708621fea6a3e127f775886f4fcc5a7edc6cc736,\x4b6c8ce2f1c4f0b0b3a7eca2843991b6c2d6b313
\x7b0ec6d7c4b9b3ff8be2d4317017c8448a77e2ea,\x52312c0b9a5cc1377ed0bdf81e4b8f08e901149d
\xb6479c75e6bd43286b4b163536878f738d63c445,\x487c3e7318356d5b28e7dbc5d5666934ff97dfd8
\xc785b60bfdaceec0c106b6504dbe4575a520dc64,\x47730b4e512f0cd5e6f8057b61032c63c007017d
\x29e2ecb295bf9636a64a377773c4e9cf75706d92,\x4cb18ec737f10df29a9d3dc9972cc4950a786ae9
\xccec342967170b4f3cda502e6c12c059fb86f6f0,\x50f1336d61219ec810c624728eb85dfe6fd84683
\xda4133be73a1a1b48a1c4a5fedc85c036a824ca6,\x4d30a2022151d9c81ad51608a750c8f568614ea3
\xeb194a7b1d4ae0bc6b022e21b3489912d7a5d4fb,\x4d30a2022151d9c81ad51608a750c8f568614ea3
\xd9304214ab4a95feb886057db059549f13671419,\x4d30a2022151d9c81ad51608a750c8f568614ea3
\x3754db6bcc5f6f3bf08f47896a7662865fa83c0a,\x4d30a2022151d9c81ad51608a750c8f568614ea3
\x617cf05445f9750264498ed4ea4faeda19654e66,\x4855ea3738b30192e86d52ca9a3ce4030c3de794
\x924d9c4b1f80de6827b11e54d2d605a1ed557c6f,\x4d30a2022151d9c81ad51608a750c8f568614ea3
\xdf9d646043a9b21cd103d90f3def66c4d7c8ffe2,\x4d30a2022151d9c81ad51608a750c8f568614ea3
\x82789cdcaa0953a6d853156ed847e16c0b4c3696,\x4d30a2022151d9c81ad51608a750c8f568614ea3
\x617cf05445f9750264498ed4ea4faeda19654e66,\x4855ea3738b30192e86d52ca9a3ce4030c3de794
\x6a16683bb8654433d67f6a9e0dc9eb563456823e,\x501783e585936116220b5028c4c22dc9fdb991bc
\x48ed8ea896fa7950818c2643c90ff37bfcb6fc2f,\x48dbe11c3108174a8ebf73c873ad5f3bb4f39caa
\x6d8624cdc097a525e8b36763c6df284b15dc8d64,\x501783e585936116220b5028c4c22dc9fdb991bc
\x34f1a23caf2ba6d14c07f6774ee0808cbc520459,\x517098d0134815053e78fa81dce54e17769e3e9c
\x239b6fa358a52b7f2b634cccabf98bf0c045cc51,\x4ca43dc185ff11844e448604cd11409a92a3794b
\x34f1a23caf2ba6d14c07f6774ee0808cbc520459,\x4c398e168452a3a12e224e6be725fe1b2173bb89
\x489561b2fef717cf5ecb7ff7970b3f30f7a21cd2,\x4ca43dc185ff11844e448604cd11409a92a3794b
\x050761f4a9deda53821e7a9f5e9824191555ef5d,\x4ca43dc185ff11844e448604cd11409a92a3794b
\xe4efdf71f3ea6b4f204f9e1d9324ee967db8b02c,\x52049e3aa897483a7ae0f957e12bcfaeabe44518
\xc43ea5617a6b38b7560edfb0474031a661d86bec,\x52049e3aa897483a7ae0f957e12bcfaeabe44518
\xeda5be58c7e9e425cbeaeb44dcf278bc2b76b6de,\x4d28d1c0134923061e69b4aefaff505aab08a8ac
\x9b065fd8a8a5e3588ad6dd460047d9fb94d76efe,\x4eb809f179dbaa7919a02a2b0228b6be8ddf9ad1
\xa5edd760b959c1fae53ae50b92a278b5eee47c55,\x4eef4eebecfc07debcc06f707db144b2d6996d3e
\x5111af449018903bb05783618bfa64d7b131213a,\x4d30a2022151d9c81ad51608a750c8f568614ea3
\x3fc44c2d07e6118bc97e380c83c4a2315ac257bf,\x4d30a2022151d9c81ad51608a750c8f568614ea3
\xcf78c8fc4e1d6c47b08df815a7987e9b18ce50c9,\x4d30a2022151d9c81ad51608a750c8f568614ea3
\x897caf32f52bd01e0aa9cd076c31b78bba5b7642,\x4d30a2022151d9c81ad51608a750c8f568614ea3
\xfddcf9b75a6628983ce35c82afcab1b5af7393a8,\x4d30a2022151d9c81ad51608a750c8f568614ea3
\xfed9b08772b8ed17036addb7daaf4c821155af25,\x4d30a2022151d9c81ad51608a750c8f568614ea3
\x163307c8a2c5431c7ee8997fc5cc862ab53b934c,\x4d30a2022151d9c81ad51608a750c8f568614ea3
\x5d5dbe0c35fe766ceecb183024c56478ba5a6897,\x4d30a2022151d9c81ad51608a750c8f568614ea3
\xd60cc457d21d6bd56e3aea894df34b08e23e64ab,\x4d30a2022151d9c81ad51608a750c8f568614ea3
\x641ef738b06cf43f77b0ca80415f3d0837f92291,\x4d30a2022151d9c81ad51608a750c8f568614ea3
\x0eeb98b6f6e668b8cb25967c6af7d6235bffc733,\x4d30a2022151d9c81ad51608a750c8f568614ea3
\xd2e8de7496aee3807ff68bbe28af3626c95aa90f,\x4d30a2022151d9c81ad51608a750c8f568614ea3
\x80f38a67c35389f096a7b770acf7f3f6154d3271,\x4d30a2022151d9c81ad51608a750c8f568614ea3
\x2f3006a74b24e91d48fb11d5350619ddd445bbf5,\x4d30a2022151d9c81ad51608a750c8f568614ea3
\xf3c159b907401e170d184c6fd6da5438ca52e121,\x4d30a2022151d9c81ad51608a750c8f568614ea3
\x352a45cc1aa286c643a9471a04435dd88a027d88,\x4a1f2a1fc4ab466d2ef210b8b74521690ac8332a
\xcb80ebb3ccc4ed512e3eb2752b0800eeba8936b7,\x4e0788ec1ed8f745d052fb09eeb21e8e6af0d134
\x23fce293d7e9b9d4fafe71f1229f656e3f05c3b1,\x4e4ea526c9a75a12a8d23532b489beeb5ae9e85a
\x23fce293d7e9b9d4fafe71f1229f656e3f05c3b1,\x48800e7c2da2a4d417039fe39de46139520eeb46
\x4631ca59998f844f2db19bfd9e753fe113807c21,\x4a2ad6bed1fb55de33db47ae397c2fae9da309f5
\x3cfc38ea649b710526ad8cc15d03d4775540130c,\x4ec2350cb7d64a9dd195c9e3a16a83e5854e560c
\xa2bca9a3911dbdd6968fbf0bdbf22bb750aa4ed7,\x50abe5dbc77088f4d831c296826a028e808c1ab8
\x1501008c36ae252e3fd29ed79949e03e9b88c3c6,\x4c3ac06e10c7aebd4daa17832f724fcc7b19b850
\x1501008c36ae252e3fd29ed79949e03e9b88c3c6,\x51574cad0b6e6115d8f6e9ecf228d2ef7fbe0e0e
\x1501008c36ae252e3fd29ed79949e03e9b88c3c6,\x51752c8862787eedb8bf51a57f1c3ed4898cf97e
\xdb889e43d9305f16f6000b74feb14e76e8b830d4,\x474543799f5b3e467d25489b0e6a70be461684f6
\x1edd677984dacee11c38bb92b127ddfced10a664,\x512bad831cce120c558a8b21ed0a4ab80f86a8a9
\x617cf05445f9750264498ed4ea4faeda19654e66,\x4855ea3738b30192e86d52ca9a3ce4030c3de794
\xce941268f685902d57ac40bec56315b0e2305162,\x485c754c34fdc9086d2ab7764b396eff6a545ca4
\x0273cb1bfca255c3f9232b9dfe11c8a8789d653d,\x4f1497d56a7095e649e7f5e305089774e12be0c4
\x01e8712565ae97f20cd8f6f9c1acfa60b9f18900,\x4c9af78bd7c72237a74d74ba9481416fd53999b0
\x9235b2b6557465af0d8503a8d474448144913fd4,\x4f4a95b43120dc14821254eb436c2b04559b45f2
\x6b476f69149cc86fba43ecebe803b302f180574e,\x48d253687e42c6158b76f22800915c0c4d125014
\x74ae7b724885ab82b013248207e27497dab9a956,\x4a4c3c1d13a327df8b9aa59fc3c58469ebaec957
\x7b0a4e070981f977dee8de5f49a06d24fd79d4f4,\x4d986b4e989a882fe0cf07bd0bb31252364b4f0e
\xf329d26ea1ff51f10532c71b639760ab783e7376,\x49d87bdfe8c6c90c126fe7c358cdb52e87e501a2
\x2f66665ddcfca044352fa09505e80fcce45e3135,\x4862eb1658b72555934b91bf9aee142849e736b9
\xb0e6789e4a32c0ef0cd4c12f866efa8bc325d536,\x4a04e0d547dc39069109cbb9ca2fb43282a35f19
\x6328be31690952130a5633295870be2bce34d589,\x49d10a60382cb5b359e8f529def6f72392a88610
\x99f9353111fdb15312af41c9646ac810b70980f0,\x520cc7572527711b8c50bcefe1d881f8ddb5fe8c
\xd62e5189e9fcb11202697dfb7faeff127a93179c,\x520cc7572527711b8c50bcefe1d881f8ddb5fe8c
\x896d6845fe202b70805212e372fe29be84682fe3,\x4d184e5198ee0b9d646cd450243daebeb6b8cc86
\xca40ae27cb9f9344e5c803456fe0eb5587ca1afd,\x4dd1cb2675c7a9c99ff0086882d2260c599f20af
\x335c0552eb130f3dfbe6efcb4d2895aed1e9938b,\x4dd1cb2675c7a9c99ff0086882d2260c599f20af
\x090bb2b9b28acee19d6799081298b11baeae4f4d,\x476e8c784cb487ba1532907556e47ab960f5d137
\x189e6a62c37f8d5a8f01f023a77175439e8124ce,\x4a7d1ea4def004d41b2263d0fc465efd9a9fa1cd
\x525f36901488f3652adfe00b9bd284067e3a45f7,\x4dea3179dc4e17c70ad865c0178190619464120a
\x525f36901488f3652adfe00b9bd284067e3a45f7,\x4dea3179dc4e17c70ad865c0178190619464120a
\x525f36901488f3652adfe00b9bd284067e3a45f7,\x4dea3179dc4e17c70ad865c0178190619464120a
\xcc679d3d8c73a23c2bbef55b86b4fedcab601acb,\x4ffad6ac852c0af0aa301376f4c5dea3a928b120
\x0e7462db19d0b95adcb5c847dacb110c7b182d50,\x476e8c784cb487ba1532907556e47ab960f5d137
\x5cb704307a79e615a2dfa47456e4bff9069dfba5,\x47a605149cffa3f9ca918abe71cac121cd1daba0
\x09a2e5008066ad02433ed0cc9f51844a2a7919ab,\x4a3d7482932ce2bd36450d8ee998529e72c306ff
\x03e3312b8c877b23dcb6f2706a6c8dc599999c68,\x4ddec67b5013b1e9a95784ba0b334e374c197103
\xca772fcb6829d6635376236f37136e04a2e6300f,\x51ae3e7cf112d38a464cd957d758e3b7169a3c15
\x99640247f58c146754efaaedc2c2e3bdb700cc9c,\x4ddec67b5013b1e9a95784ba0b334e374c197103
\x4e5ef9f3098d3125b699e77e3562dab668ead366,\x4ddec67b5013b1e9a95784ba0b334e374c197103
\x952815ea349a0c10db5d854a16a27d768e85053e,\x4a9026e6332b3dcb52e3d4d3ccbdfa3eeb73c23f
\x952815ea349a0c10db5d854a16a27d768e85053e,\x4a9026e6332b3dcb52e3d4d3ccbdfa3eeb73c23f
\xa1e507e179171cd0b52429579b68d0824f42b596,\x4f90d566e85cc98748c2e0629bb8123666664be1
\xb1bb4cc9f86296b7591f18564ab48c691fc9ed59,\x4ec5e70484ed762d884b29729d33dc73e74a5927
\xf7e24d450dbfc245970408fc600fd0429773f286,\x4a1016f6becfe7937c89e4930f79e2a8daf92f20
\x7344ff300b5f53375ea3e2ab993aacf9b2e337ac,\x47d7852db2451ea7bb4ca4732d0ebc96ba024354
\x428ab1cdf1ace6046c63df1f4cba0ea3b105e7f7,\x4d5f0b1729955aa72283ad33860c97a9618c3944
\x428ab1cdf1ace6046c63df1f4cba0ea3b105e7f7,\x4d5f0b1729955aa72283ad33860c97a9618c3944
\x391fed3582e2cbb40a3c6eb45a8cd34e3b01c360,\x470d8cf3ea1a0c31070d92b41020993584bd6328
\x24087e68c9887fb50ffb9ee5e9069244989bb0d0,\x4ec2350cb7d64a9dd195c9e3a16a83e5854e560c
\x9225eb248619edeec2dba22097bd41a60a1dbb0b,\x4ec2350cb7d64a9dd195c9e3a16a83e5854e560c
\xa4d9dbe741cfc5878f2a2e1b155f8e76fca3c897,\x4ec2350cb7d64a9dd195c9e3a16a83e5854e560c
\x666c67df508bfdc95b29b25075c9c60831b94e98,\x51507327e20136ef3830dc73abf535728969b583
\xf7292f9efef983dfbcae2ddd2d2b3994916d7103,\x4d0fcf8910f111f9b399b9dc7d4ab5b0426ad630
\xa9044c6ccd57e866ae1673589dc59f08b4ba42cb,\x4e76bcf0ec384e2b6e63a60619fda0fa750c50d3
\x617cf05445f9750264498ed4ea4faeda19654e66,\x4855ea3738b30192e86d52ca9a3ce4030c3de794
\xccf96f702936c9663ad595f8d00fd7b86783f17d,\x4f6b4e995bb35956a0d8d1e2a40f803cec20d7dc
\x3977263f2c5b49c47b911bcedd36f4e95bf6668f,\x47b706246465e394977c33a7ccf8f81be5464d15
\x5def0b86de6b0582a7a89f6c3858e9c42deb41fb,\x51ec7b4cdfb75230cae81e8c32f99504bac45d7a
\xc88475a62ed9d3747f3dcada35216a66122ef291,\x4f87b3c63a61d266ec20e53a51b67c5bb7466420
\x131ea577ef44aad7a6b9c1295f67037f8bb063c1,\x4d8bd62c7cb6769795410c5d1209cc09bfe16c60
\x1501008c36ae252e3fd29ed79949e03e9b88c3c6,\x4f44e7bdc4542c2ee48b41903b71b0b22f98b948
\xa64236090c1d1dfa8f656c380f8ef299182973ef,\x52303e3324d0063cdbdd960c34cb58632f0ec645
\x1501008c36ae252e3fd29ed79949e03e9b88c3c6,\x50017fc607da965b6dd12f61c8a6560dfe2df927
\x1501008c36ae252e3fd29ed79949e03e9b88c3c6,\x4b5c73e1bc32cea2f77a0ce104e3e9c81b0c850f
\x07a3d6e5f31ba24d7b206cda6d380c453e512dfd,\x4975e2ac1ff9715ee972e28854dcdc017893cc59
\x71c4fa6a4fb81f67b670b06ddc44de24ed7f5326,\x4b6f7ea3e6e1057415ae8bf719965339ea3eb71b
\xf7340da4874a18788e64c459f26c214d341a3d73,\x4f476acb375ca6bb3ad6b7da3e18fc20f3b591f1
\x1501008c36ae252e3fd29ed79949e03e9b88c3c6,\x49c1cc75c47a1c289aa25cd189d95beb609a89f3
\xcf78c8fc4e1d6c47b08df815a7987e9b18ce50c9,\x5111af449018903bb05783618bfa64d7b131213a
\x9da71fa22953121d3d00f525dd082188dc1b5064,\x4dea563a60191c7231c8c557623b320a36ebae0c
\x22e50124549c5265a50dec8dc14f9650b094915c,\x4b492ae8421dca3f6f5c252fe53544a7b261f6f5
\xcf30f1323845831b5afd7915991cbbcc4c3eeaa8,\x4ea0d2fee4106c92c63a50ed22e860f2611058e5
\x3018b55796b0b9f6b4fe6853561fd33b9261ff30,\x4d1f86cb18cc052ac63e5cc185fe1ce73504f7a3
\x1501008c36ae252e3fd29ed79949e03e9b88c3c6,\x4ffaa20f217d5117b57fd6ff0e70e069029f5553
\x8c0aa6f80ed9e52ccddf2341ac4707fcb49098ba,\x50f76aa1fe8ef9a793ebd94576979107aef7b100
\xa8127c4ec7dccb03df5caf1ac1d4818626c518c2,\x481c7823e54f000aa278bab4c001971177737aec
\xf5cd48248b31c2b0c7423481a5af19686285aeb3,\x49e801807c20a24f7bd512f972dbecea5cb1b3bf
\xf2afce838d804598c6ce4c9815e5a64aa80d642b,\x4ee6bf3f2eedb4c0db4b2bbcc741ab337ff07275
\x88278755c049e1e2565cb91653024742b11ea2d8,\x4a1cd1fc22faab2b2752de66d6c617af6a64c343
\x7358685bd5f2b021e5ecb5a15690291fc6526ca7,\x4cc2573b3eeaf67307c680a9952c61b171c7b04b
\x1501008c36ae252e3fd29ed79949e03e9b88c3c6,\x4f69830bd559d1c4776a1f013c313470cacc26ea
\xb1656d4f3852f65877367138332d8482597f3411,\x51ec7b4cdfb75230cae81e8c32f99504bac45d7a
\xb6e34a8a93031a24c264be59d0bac00bcaef9051,\x4d58d36e46cf9af14e416061fe5d0074780b4099
\x148407294e344c7c60733b2b8f07fd389d5effa1,\x4a36b76545b3ffb83f5b88212cc4e8e71f150028
\x36e4c1fda3b73bdf4d998b059d4854a7f4731bc3,\x51d3d4c43ba7f94db540ebe66046e2aa30204c9f
\x80f38a67c35389f096a7b770acf7f3f6154d3271,\x47d943299515d99e3995e49c190c320301bd9324
\x20bb182a7159c9fc1554f5120007ec9df2a07678,\x4baffe9c2818f4ff00e3d074235dffddc6872ee6
\x1501008c36ae252e3fd29ed79949e03e9b88c3c6,\x4ee6bf3f2eedb4c0db4b2bbcc741ab337ff07275
\xeb95fa263a2998a66abfac2cbb0ff528b4d91d63,\x4bce9744a02429ef721f5856efc3962101c892ef
\xfed9b08772b8ed17036addb7daaf4c821155af25,\x4f5f02e2fd0e0ed77699887dade760005f79e42c
\xf2afce838d804598c6ce4c9815e5a64aa80d642b,\x4ee6bf3f2eedb4c0db4b2bbcc741ab337ff07275
\x7b57d60d89c990d2f161c210c64a69d0bac41d91,\x4b1b225dd12890fd40b3e757ecc55aa61cce4130
\xe4a2ffd283d60ec5eb8b07c01d15138fb723fb78,\x4d28d1c0134923061e69b4aefaff505aab08a8ac
\xcd6a143d4540e4fb37dfa3755e703eb077ddfef4,\x4a843599905b20d55c6319adbdea808877ed49e2
\x1501008c36ae252e3fd29ed79949e03e9b88c3c6,\x48a7bea12a800957113662d27468fd1c9e8d42aa
\x85d5ca9bbc269c5903b238480da4b83c7d742bf7,\x4f87b3c63a61d266ec20e53a51b67c5bb7466420
\x39b8f72c15852d377b62a96f6a96af3487dd9ab8,\x4f69830bd559d1c4776a1f013c313470cacc26ea
\x39b8f72c15852d377b62a96f6a96af3487dd9ab8,\x4f69830bd559d1c4776a1f013c313470cacc26ea
\xcd6a143d4540e4fb37dfa3755e703eb077ddfef4,\x4a843599905b20d55c6319adbdea808877ed49e2
\xa469c6b6ca7e9b2ccc3ff4ba1c804bc50d5e86e9,\x4d28d1c0134923061e69b4aefaff505aab08a8ac
\x7ef1c77d01c8957244838f87fdff66d16f575ff6,\x4d168ae4409f7b4dcb62525ea00e311500873844
\x50f76aa1fe8ef9a793ebd94576979107aef7b100,\x4ec4900228f0db21cbdd6aa5e4ea347623cbdc83
\x91fa5944f703daa956904aaaff9de21b1415b8d9,\x49082a200b93baff33c51211f4eb767358cd2f81
\x2cbd6366a3806700ad4b4e64ebc8663641e71b7e,\x51f633608b125f093717e9483dd2f8ca26a82392
\x187f4384a08f292a9908dbbcc09c4148060c1d94,\x4c9eb776cc09bcd5bfa08595acf0084bd87eca02
\xb4e027e09563d66f90363acabaf5e2a6cd4079fd,\x4b69511c0b077200771f73f3c7cd4ecd60c77707
\x0fcc669136934da42e4c48a0703721c34bee777d,\x4b69511c0b077200771f73f3c7cd4ecd60c77707
\x3117d469c817c66233ebcc0714789a04762dacff,\x4b69511c0b077200771f73f3c7cd4ecd60c77707
\x691cfa5f0f105fc92acf830844f290ad9b44c23e,\x49f06f95c5d105ae6cda00444bbd3dda06e61cc8
\x57b2dba4e11a357f774da3eebc2d855b8fe2aee1,\x494fe7e8aaf53936bd15b8d3112bde1500e07a9a
\x1bba11ab3eb1d34653d79453e01b285c3286168f,\x4c31fbdce5aafcee0b296bbb5d1589f5f97a1470
\x7e9184e6f9d3b82824641c98352489edf691d34b,\x4faf78df5c899680ba2dc4038f27938f29f663a6
\x090c2c21991658b6fc3c6b2d8339149b03463820,\x505ee2c414c50cda40a13a1c9b9c5af106d6a3aa
\xdf9d646043a9b21cd103d90f3def66c4d7c8ffe2,\x5111af449018903bb05783618bfa64d7b131213a
\x2131051b44ab12013403c1e4786276a820bba4a7,\x4f5fc2902a6dd5aa808e686c955527f82bb4744c
\xd77c6bb30cee69c435948709838eb99d60b33bf2,\x4864e9ba3ab4270e338d1d52a49c383294c34134
\xc853d21257d7f4a6ac3466f94eb151cd16ec1cc8,\x47ecd06d6fa3f9c57d8c5bccd474b18a93245cf1
\xd871aeb639518b96fdd1b8c5d774490390208a9c,\x4fbcd992ca11d37cfe8d416d9ebfaa18ca50f38e
\x0a979f4286e78b539fcd394322196d87381b3472,\x4c6b057eac23e75d5b25d0871e7ac67f26c1ac9c
\xde40b9ea63148965f9fe737f8f8b6fbc09d7c615,\x4cb713829b031dac9ebc9e129a79319254ba3459
\xfdf63384953c23e47173a26592391a2e83e23e52,\x5085b87b874a938fd10b2d1b3471dc6350f5b2ef
\x7bc9ce769aac346fb6dd37d7e23ff9f3a755338c,\x518eb6b8df79c406f0e4dc7c9087bce4649ff930
\x4fbcd992ca11d37cfe8d416d9ebfaa18ca50f38e,\x51981f7930ee5350c9a9501242b97b4f2d1c4738
\x65bc72f5e5daefe930f1b468fc73ec96b0228956,\x4da86df3d1a243dbc85b97fd07d3e1e4ae2aa1e5
\x90ff89c637fd1537e151b8ced1d1d0cb94e31ca6,\x4f30c5c94c339d46b7352f54004575b3688c6174
\xbd2f62fb5a4287549db9a1af9278fb78cbbed6a8,\x4eae801c4038cb5fd4e428febc9b0f357413591b
\x369f218b1112722366a0867563fc254686274f16,\x4b80e11d2410f2029ae73628603840dffbf885aa
\x6a9ae03af2e3ae79eccee9621faa98e99621ce72,\x4ee16f2a77d53db4f0bff59de1c5965788638d85
\x3cfc38ea649b710526ad8cc15d03d4775540130c,\x4ec2350cb7d64a9dd195c9e3a16a83e5854e560c
\xbd91ed15a05372a1fa9f9dc472c7506ae946fd8b,\x49f06f95c5d105ae6cda00444bbd3dda06e61cc8
\x91e5a13b28ed049c1eedd22f4abb941764f3972f,\x5004ba969f7643de6849d1976a7dca6d651c0d62
\x952c23f8f067a5e7e165ff0e42491f51d87dbc95,\x4d48df14a698984c60e705a11dd696f368cb3a21
\x54cce2fde51da89356a3a5522af39e9c2169d4f4,\x4dea563a60191c7231c8c557623b320a36ebae0c
\xe39853271f083fc2e042972d5b074fd5c23ce96a,\x4dce05ee4a9046d21fd55c15656bd247e874b22b
\x20f605cb19116916905b528dea5ee9747da92965,\x4c2095a3f005f347c26727ca0e72de34f652f401
\x68a0d35ec89683c1dce4536578c300d32b94f75d,\x4b98d9741aecff489020c67ec55653561b8828e4
\xfed9b08772b8ed17036addb7daaf4c821155af25,\x4f5f02e2fd0e0ed77699887dade760005f79e42c
\x6b129511c04851db1c493d2d72cffc4cf5f67c5d,\x5130de2c6742086136471ed1ce19f540095b414d
\x16f2d65e36907863bb10102bfaa6276d4fa48375,\x493122d3a5485fd14fb6b24aa58da9698873f58d
\x952c23f8f067a5e7e165ff0e42491f51d87dbc95,\x4d48df14a698984c60e705a11dd696f368cb3a21
\x9accdac6ee3ebe5f3e1473cf275e558814eb45ce,\x4c16aafa412a36e94de51a2b8b9891165dac38e5
\x9a103273c9fc85ad62d3dcc89ba981e59d2416b3,\x49bfc3e6e520797cb925501522fdfd0ec4f48c7b
\x68918f1501d0f2f33b71f935e3b784435cf07464,\x4ba065b10d9f3e4960a53efa882a940fd3999a73
\xbcacaa2951eb0d03b788d355f1226701b7ee475e,\x4ee4e1147f0138ce606cbc9dc8e94b602963a844
\x6f0554fee7b98a7f293262f2512a233e40acaf80,\x49c2830e1f21af2e987fc645a6c927e992a5769b
\x608972868362504b4820fc26aa60787f45159913,\x4a7db7b42e26dc80a7091f72e2389b6cc9deb60d
\x18e92faead9e7ba45ca96665033ae5f99dcd82f2,\x522ea58a06842817a18b1fc6e2311c3c24094181
\x735345bc7deb6b304f13b09d083049a7caa683f3,\x4ad33ced37336b2285868e42823c6f56975febb7
\x503a56c822c08f080581d55f8e653aa84279c559,\x51b2703a6182b452276597626b859b4c6ce0e77d
\x73f539cb7751eb23f8360ffc0c2bb39ecb38b280,\x51b2703a6182b452276597626b859b4c6ce0e77d
\xe194bc1b4ae0f5aa8e6602f7e825a85128a2e562,\x51b2703a6182b452276597626b859b4c6ce0e77d
\x03759ff7da5fdba7465f1107d12d8fee021fd629,\x498297e5f3242888ec5b665a556b14c3b6630b0d
\x88410277b308bb03d6a4909acff2f426f6875488,\x4dfbd563f7055b8ec1666a41e07a36f0f9f98b22
\x684e27d1204f980ea04a25dcc187c43e6beaced8,\x4dea563a60191c7231c8c557623b320a36ebae0c
\xb801734a36309079e5f411c987f3b44256eabc34,\x47a7c328e47c92e6f80cdd3d74d8a22d1aa531ab
\x80cc263cb3fa1be2aec748b3811261c1e2a1ba8d,\x4a1b4d8391db1e1b1424385259710422a6ec5a71
\x4ad7fe5bf17d62ee3de0d4dd9496a7cd53c98225,\x51b2703a6182b452276597626b859b4c6ce0e77d
\x9b75f2e6bd227d1dc1d5e7d872e0a7bf44f3c902,\x51b2703a6182b452276597626b859b4c6ce0e77d
\xaa0905af0276de5ded9d425a8d4013b861c661a1,\x51b2703a6182b452276597626b859b4c6ce0e77d
\x59a532f8b1caba4369fd7a6389c26ff5bb585473,\x51b2703a6182b452276597626b859b4c6ce0e77d
\xbca67b4e0806d666a64986734919c9cb717b40e7,\x48383f2eb10d6e3391c791ad5e4a09bb13d32eb8
\xec63913528365fc4b845df57171b63d71ec68442,\x4a4b673a5e61fd895717fc887f20d2c0f0f201d6
\xc6b6350b04722cc19ee6e19c4fa35bedb639f328,\x508e40256da829579f4e0dc0197b54763cce2a11
\x3114097a1e9855c3da9db6fb568696792e027bcb,\x486729a5aec20db535adf62e34163cc178c78416
\x07a59447cb16efca700665803068871dbf8d53a5,\x4ddf0604f87824769453523c0a63142a1111a94f
\x31ce8b8ea3b8ad61780775828aa3bd874b1010fa,\x51ec7b4cdfb75230cae81e8c32f99504bac45d7a
\xe9591480998f1535d600afac42d1f9c5b974cb18,\x4c59cea94ee8b05bd851af1bf9d243ba585e2962
\x622b530476ea6d308c3a42b7ab33cfefbecbde7f,\x4e2867f8abd0964fed62d00da3959acde5ea81e8
\x5765d2e0f02d3479cbb0900fc4e242e46fff0333,\x4ffc3884669e442e5d2f687b2c70504d942ba129
\xaad83afdbf23eda8ee9b684170b0d9fee41ed1fe,\x4aa59d09483aa88c553c62f22dc9eaa1bdbe950e
\x0d9a0ce415b2e9c531a7ac7195e722ee78554e81,\x4f30c5c94c339d46b7352f54004575b3688c6174
\x0d9a0ce415b2e9c531a7ac7195e722ee78554e81,\x4f30c5c94c339d46b7352f54004575b3688c6174
\x64806f0b09e2ff223c4ce411fff702daa1d73a4e,\x50e2ab9047b56ed357fe9726490007e181f0d8e9
\xe17e27bd4379c9f982be03b0df0a6e7bf5cddd45,\x4a5f482054a55d81269cbdcf16c8bf821f13ae41
\x90ff89c637fd1537e151b8ced1d1d0cb94e31ca6,\x517cd3cb3c89d66bb278ac437aaf1f8b2834665c
\x580731e5603d6faaba4a361e13d35f43082d2f3e,\x4919fcf252fb7c897952ccfd8613be76c24e0578
\x580731e5603d6faaba4a361e13d35f43082d2f3e,\x4919fcf252fb7c897952ccfd8613be76c24e0578
\x90ff89c637fd1537e151b8ced1d1d0cb94e31ca6,\x517cd3cb3c89d66bb278ac437aaf1f8b2834665c
\x23b6d8e09cb33b1550de19ac25cc3f41ae4603bb,\x49f3a12fdc89e4159e211966ad1a1da6e04dfbdd
\x1501008c36ae252e3fd29ed79949e03e9b88c3c6,\x4aa59d09483aa88c553c62f22dc9eaa1bdbe950e
\xd1c9ab6166dead15b03b57b3224c5647272f0f82,\x4c1aee910fe006caa93bf4e7f92c18d2d4716273
\x6354d66a68dbd0b14a12b1e03d316fed0febfc98,\x4975e2ac1ff9715ee972e28854dcdc017893cc59
\xd5d5fb33745583817402818f4d26127a6d6034e6,\x50b7db9d2e0499d096c83d9c8d74e9e168b845a5
\xe69e06f949410c5fd170dd93cd6c2f0d42b24782,\x4a01d3bf813e776f22129d3d9497fec6a024bed7
\xfaa5ee4dce2a4e0479f651856d17e9cd93a15c55,\x4ffc3884669e442e5d2f687b2c70504d942ba129
\x3cade0aeec486a944ae7fbbb71b71771457341e8,\x4a02fb9bf19bc0c5cb75cdcee26543096115ada7
\x615a77819df6032ad0093895a26a7e8a1f41eada,\x4d41c20129ee960c8843723984d6ddea34f90190
\xe6d4c208a4da7a8041d9f08f1c371b5b70f503c9,\x4ef66c2b6af5abad6ba4d6f9694f269ccd2aadfc
\xbcf9f3979e61660bb93c37e9f8047ef93f69e380,\x4e90b065529a75f63c1f68f9862eaf8bdb4f5195
\xd1d645a20f8a6cde202aed2b19e29da160524548,\x51ec7b4cdfb75230cae81e8c32f99504bac45d7a
\xf5d7469fb2e2ede70de6cc05dafe72d3ac09315c,\x51f001e8f8fe563cdffa95c90ba93a16a024159a
\xf5d7469fb2e2ede70de6cc05dafe72d3ac09315c,\x522b82d27f1bb7223291f847e6e77835f668a07f
\xf5d7469fb2e2ede70de6cc05dafe72d3ac09315c,\x4be108b80d94f7b2b1b70a086164999ac929bdd8
\x18e92faead9e7ba45ca96665033ae5f99dcd82f2,\x522ea58a06842817a18b1fc6e2311c3c24094181
\x18e92faead9e7ba45ca96665033ae5f99dcd82f2,\x522ea58a06842817a18b1fc6e2311c3c24094181
\x18e92faead9e7ba45ca96665033ae5f99dcd82f2,\x522ea58a06842817a18b1fc6e2311c3c24094181
\x9cba9a264de8e0572a7c18e6195952ba4e7f6930,\x478e439f5bc990cd8a6ec81dba0d8d0ed1c7115e
\x4b77f035cd335a31a6def2f7e59ed136b03b06fe,\x4a5e200e870fa788321e3ecc776860a587f5cf23
\xe7a21a436ced2c70eb7ef64436c7eb42cc8a3158,\x4961f8874d3aa83c966b33c2c09c5bf08867bc26
\xffd4dae0d7d8ddb6f408dca0a47763ae3a57f4ce,\x4e66c4fdc45a05a3df9b0b868288b878ef94df67
\xc2f0882f83dde77a3bd7a27d3844847f6d1e91ba,\x4d2b7f68bbc1b8632d20282e30348a041f2a5bef
\x47075648c0c715e68b49d938b87552fab718a9c8,\x4e1d9f200738a0f0582adeb27a3dd58c90c8c8b3
\xd7ecd583ffc8ad9e19109aa42e355a2b95be506c,\x48976b0a6c1401509a6886a6c644a3be0b5ac55c
\x556ccd9c25e62b02df101dd56508a320591613cd,\x4e90b065529a75f63c1f68f9862eaf8bdb4f5195
\x9cba9a264de8e0572a7c18e6195952ba4e7f6930,\x478e439f5bc990cd8a6ec81dba0d8d0ed1c7115e
\xce941268f685902d57ac40bec56315b0e2305162,\x485c754c34fdc9086d2ab7764b396eff6a545ca4
\x48b576c87e788a762d6f95a456f2a39113b46950,\x4e2a7d0e465d8d38aa5a1852d438e60b5832c1b4
\x48b576c87e788a762d6f95a456f2a39113b46950,\x4df0df2d3780a192e4ee87cce6156c562904e940
\x92e95d7386e3c4ec8116f8d015d02040f6c78890,\x47e98301aefa16128b64492f10bb255fa62769b7
\x92e95d7386e3c4ec8116f8d015d02040f6c78890,\x47e98301aefa16128b64492f10bb255fa62769b7
\x3cd92e90344773b22074079983d852597e697429,\x4c622526073d2d4672f68d5e275b271beeb88263
\xf2664dfa7924d9f3895349bae785027ab9da1c87,\x4dea563a60191c7231c8c557623b320a36ebae0c
\xe0761f932fda52b7dc04ce1ccefabe1e67dfb8a3,\x478e439f5bc990cd8a6ec81dba0d8d0ed1c7115e
\xc65ca30522873e9ddca4158f79dc9ecd1b823932,\x4c07d2c59690163c0212a4ebc7182821b3b4bcc5
\x107cd74419dfc9ff01975e652597c5a4b6706460,\x50b724e76931e5a04479a9ab56cf185eb00b1762
\xd1d645a20f8a6cde202aed2b19e29da160524548,\x51ec7b4cdfb75230cae81e8c32f99504bac45d7a
\xd1d645a20f8a6cde202aed2b19e29da160524548,\x51ec7b4cdfb75230cae81e8c32f99504bac45d7a
\x9249ce6e4dadb84cfd705e5d9f43613d3d645a66,\x4940fb2b88dfb4d6a99a143b97252c372958f58e
\x23a018f8ffbb9538d3d269a76e210023e7b69aee,\x4ece740f8439eea94d2e74a4484bea8403c09d69
\x973c7026aff6f21b8df1d8228cb408c06ff7c7a7,\x4bd0ba218b482a391a1e51cf4779ce04b60fd722
\xeb43f2ca8319f37e001bf9b3bfd75c01ed0ffb45,\x51ec7b4cdfb75230cae81e8c32f99504bac45d7a
\x794a71248c39236310ba5464075af484ff1aa830,\x485c754c34fdc9086d2ab7764b396eff6a545ca4
\xcfc6df5b05c3218a6f936e849ba8d1379c9576b4,\x4855ea3738b30192e86d52ca9a3ce4030c3de794
\xc6e0e65903c4e6997a8ad61d7504fe7875b9c015,\x4d851bc6f1f074a64cbddbe818195d48ce84d24f
\x810d3aabbbf8cbcff5c256f2b0621c4941f8b139,\x506ade0a94949db63047346d3796a01c09384198
\x5cae86ce1d4b6d603294136b8dcf162061681ae8,\x506ade0a94949db63047346d3796a01c09384198
\x31092318010c4106b9ddd76b81a67330e9cdf1d6,\x4d3278d9f0189cb679a4fb9f36ba1b34d6398a0f
\xd1bc2dbb8ebc0707ed89499116040a3efc3f97f2,\x4c078cb14b2d321231a90089195317968957896d
\x48720f0eaa924eccb1d6b9c43354e2c615eb68f6,\x47a801f70ee3963ad74202d55d75974d633bb952
\xae78b03aeec6e077a7fe4fa0b341284d0b0560fa,\x495e06704e9c01199b0b83998d9160b305043234
\xe0a2dfd2d203ff7baa491acdb21463989ac2d180,\x4a40ce3f819a6f473a7b112ef45057f347f50f9a
\x47a801f70ee3963ad74202d55d75974d633bb952,\x48720f0eaa924eccb1d6b9c43354e2c615eb68f6
\x25612e8bd7683de22da45d717d0493b0e96424b4,\x4c3ac06e10c7aebd4daa17832f724fcc7b19b850
\xc635ebb012bd96db82ff7b6e38dd3371ef53f7ab,\x48dc139fcd166a7d9696f4e8362dee51a57a1431
\x20f605cb19116916905b528dea5ee9747da92965,\x4c2095a3f005f347c26727ca0e72de34f652f401
\x08928dcb5bd0b58f8de51921eaade7da8146d259,\x4e2a7d0e465d8d38aa5a1852d438e60b5832c1b4
\xb4f52cdb6ddf949816ee179e6254255f20a74127,\x49bab37efcc0f556c16d24d6b2c79a7ae1a090aa
\xefdd7383676bb2c253812e31e4765192f0123989,\x48f57a9a6ab95f4c5a554c3203bb9aaaa0c0ec46
\xefdd7383676bb2c253812e31e4765192f0123989,\x4b60a1839a06e330e130ae13480742155c23ab51
\xefdd7383676bb2c253812e31e4765192f0123989,\x519adf6706de656a6eecdc2c17bba58aff0d74af
\x6217251ee9254180f856c3c921a11c5d02a56a6e,\x47a7c328e47c92e6f80cdd3d74d8a22d1aa531ab
\xb329fb5df5a746d037f3eafd0497d15cc5e193d2,\x49a3c870ccb3985637da5dc80057b4fe5658f326
\xfa18743f907ffe9bff1a021b617e5134a4693390,\x4bbd5fce20f25d6f185ff15ad037eb999fecbcb4
\x16bc77156eb371b542113a14b116f32f433d20e1,\x4c87b1cc8036f52aa1039353c2e418ce8bf90509
\xc4be75bcf7cbb0f008f02ffdca29118e79a64d9e,\x4f87b3c63a61d266ec20e53a51b67c5bb7466420
\x0b8f1c4b1b698fb89223337314c3c0ef998b7609,\x48fd1d21caac75b32c5b387f18069718ddc01366
\xd2033db9c5370ac76abd80823b5c5adc097e2fbf,\x4bdcba858dca35ecdc2a61bf0db4780e19a2d7dd
\x5b295aa92ddd008d4042773e8df91a9f848ebc58,\x4f855cd9c9e47890ed7e394379e7ad5ce048ddd9
\x16c1290edac9147c36039b21986faa7546a8bfaf,\x4f87b3c63a61d266ec20e53a51b67c5bb7466420
\xc11bf295e6d0eee4a21d5e5c99de2da1832a43ce,\x4a40029c84ef99ae1c5462b0d9a9c88e3ab1fa68
\xef1244af7099dce45ee7f937534f0968501efb29,\x49f4d0222c880d4780b636662f5f18f572f2f88a
\xcda16d9494e1f52fa90b7f9c44cfe93785c5c74d,\x492a69aeaa473ce741eb3ecc7c335ebab0ee008e
\x6ea5eb80b326835df1804b9c2a574e6082aa2d22,\x492a69aeaa473ce741eb3ecc7c335ebab0ee008e
\xbc8867ac24ea5ae452204396875342466d28af69,\x48f88a8d8e4a9dff33c0a4d857a81a189c2d6e07
\x2dd292297f6b1e84368d3683984f6da4c894eb3b,\x51ec7b4cdfb75230cae81e8c32f99504bac45d7a
\x5def0b86de6b0582a7a89f6c3858e9c42deb41fb,\x51ec7b4cdfb75230cae81e8c32f99504bac45d7a
\xc194efccc288a6438524eb94a4906427f61fd9a6,\x4740988434aab9d22d5e096f0551605be9f9637d
\xfe7ab7c283d97100c15020c31f4c3c587e7b0686,\x51c23bcb0d20a2a652ac7755c02825735b253dcc
\x4df0df2d3780a192e4ee87cce6156c562904e940,\x4e2a7d0e465d8d38aa5a1852d438e60b5832c1b4
\x5559e48282ff8ae6b196eb07bcfb2f907a07c800,\x486729a5aec20db535adf62e34163cc178c78416
\x3114097a1e9855c3da9db6fb568696792e027bcb,\x486729a5aec20db535adf62e34163cc178c78416
\x332dad077cfe2ca20c7e29a0590f899945b89312,\x4d7e6f4a94f3a322e18ac9cd28eb1ffcc00ea33a
\x4d7e6f4a94f3a322e18ac9cd28eb1ffcc00ea33a,\x48a4040c0b14de3bb9593d6293a54f30cd03a983
\x2ce1a66f22a2dc6e410d9021d57aeb8d13d6bfef,\x50017fc607da965b6dd12f61c8a6560dfe2df927
\xdb8e18559d18daa0b4936f2aac2f7485365891bb,\x4993df5cfc9555a1fe47b1b29b20f5af68c70c17
\xb79ee4d649f0b43fd57def40d65e8b295a4dcb2c,\x48a4040c0b14de3bb9593d6293a54f30cd03a983
\xcbdda9085d97f74d8dc20bf0f81948849b3cd1e8,\x4cc623e6cbcaa99875d49e9ef9df55e582f48292
\xd58919830be1833052b8321021218f10d80d088d,\x51d5ac6578c169908d6ca6f0de117bfaa2c7d47a
\xcbdda9085d97f74d8dc20bf0f81948849b3cd1e8,\x4ada8fa07126d515330125d5d9a58773c025022f
\x1eb3b25146c3cf110eb3549f54e7974b524bf986,\x4b2a22289a85fa061570b3004fd6eb4fb9a47e22
\x7ef1c77d01c8957244838f87fdff66d16f575ff6,\x4d168ae4409f7b4dcb62525ea00e311500873844
\x5def0b86de6b0582a7a89f6c3858e9c42deb41fb,\x4763a764f555f84ee54a3e1df6f0ee5036974319
\xee1e12c15a56fbef1431061ebb1fe7cbaf5da4a3,\x502b2edfc6af452ec95be5a6d2bc38365f528246
\x9da08685227e329f9028ebb3c6dab52b5bc8435a,\x50a150d22581b76b4de7e5b261af459290a97f1c
\xa163e2cef5095a49d9174b6c36a2ac9790def114,\x4a4f83e44cd157e7d23207c1be6eda8c06bb49e6
\x6f8c8a287a80fd59b621489e3951b705516f75b5,\x49be89682318bc5b79fcf33c51ee2bc518fba992
\x4f855cd9c9e47890ed7e394379e7ad5ce048ddd9,\x4a4b673a5e61fd895717fc887f20d2c0f0f201d6
\x4a4b673a5e61fd895717fc887f20d2c0f0f201d6,\x4f855cd9c9e47890ed7e394379e7ad5ce048ddd9
\x224dcb875ee9902258025ee7bf69c1e45682f5f1,\x4d998f0c1162e85d498370944a97cd7631b133a5
\x364aeb719b357206f49049b7a406f38edd2a3419,\x4d998f0c1162e85d498370944a97cd7631b133a5
\x44785798c3824aaa4dc2555ef62249d6ce9cf177,\x4e1700bd150e07027fe5a2dbad5942fa4d238056
\xcdf2f28a58e1d38274730f349f95192f7005dd25,\x49b8469a3aa6180d5a6b990f55f0e9e888303ea5
\x224dcb875ee9902258025ee7bf69c1e45682f5f1,\x4d998f0c1162e85d498370944a97cd7631b133a5
\x8b36ea942aa14d6696ff5e5393c54d9ae6fbb342,\x4b83c3caf46c82a2c755242732a28fd296a9db4b
\xb5621158e13134210f0ba2de8c88dc4785da6684,\x4b83c3caf46c82a2c755242732a28fd296a9db4b
\x49b6cbbc726a9c10de67ecfa95f8abb4e1a5a555,\x4953b5f3980f0fe8584f84c9a1ad93013ebe29c6
\xc194efccc288a6438524eb94a4906427f61fd9a6,\x4740988434aab9d22d5e096f0551605be9f9637d
\xb7be8adb9d58ff8c34bb1dfe98c33a6096f2758c,\x4c5460bed06be9a11a374bfeb0012afbb1bed9c3
\x5a89b93c84cc2ef353aa9bccd1874fd6647f3fac,\x480757291aff0c63fd0a08bb08bffe251c4dc5c8
\x74dd2a2b0307964f904029bf698225ffcf539cab,\x4954b9de8aa706ab2a0f75086f1cc379377d0ebc
\xf21923172d53cb0d505acd21cbaa6e1a7b473aec,\x50903511939ccf2df4fed540db3d5ee651d008e7
\x224dcb875ee9902258025ee7bf69c1e45682f5f1,\x4d998f0c1162e85d498370944a97cd7631b133a5
\x08928dcb5bd0b58f8de51921eaade7da8146d259,\x4df0df2d3780a192e4ee87cce6156c562904e940
\x4df0df2d3780a192e4ee87cce6156c562904e940,\x4e2a7d0e465d8d38aa5a1852d438e60b5832c1b4
\x8f3d7c5cf34d33df17627091ca16f129e91395f5,\x4c59cea94ee8b05bd851af1bf9d243ba585e2962
\xcc8b4cb035812186ca94af3def98aca690be8a16,\x4c21953b59e6ac5cf4b74d4a6f08f0a7de7384c3
\xcc8b4cb035812186ca94af3def98aca690be8a16,\x4c21953b59e6ac5cf4b74d4a6f08f0a7de7384c3
\x41082fd0c611f4c9b12c50e139880ba660b3c532,\x48b576c87e788a762d6f95a456f2a39113b46950
\x10061123876ceea12642342afe829444b7e0d48a,\x4884df722de9aeb5d89b504c3f9db91dad41e634
